#,Time,%Passes,Change,Test,Pass,Partial,Fail,Untested
0,Sat Nov 24 16:54:36 EST 2018,7,7,ParserSuiteA12,ParserCreatesDefineCallCommandObjectTestCase+ ParserCreatesThreadCommandObjectTestCase+ , ,ParserCreatesProceedAllCommandObjectTestCase- ParserCreatesRotateLeftArmCommandObjectTestCase- ParserCreatesRotateRightArmCommandObjectTestCase- ParserCreatesSleepCommandObjectTestCase- ,BroadcastingClearanceManagerFactoryMethodTest DefineCallCommandObjectTestCase DefineCallCommandTestCase EnvironmentFactoryMethodTest LockstepAvatarsAnimationTestCase ParsingExceptionTestCase ProceedAllCommandObjectTestCase ProceedAllCommandTestCase RotateLeftArmCommandObjectTestCase RotateLeftArmCommandTestCase RotateRightArmCommandObjectTestCase RotateRightArmCommandTestCase ScanningExceptionTestCase SleepCommandObjectTestCase SleepCommandTestCase SwingTextFieldFactoryTestCase ThreadCommandObjectTestCase ThreadCommandTestCase UndoRedoTestCase WaitingAvatarsAnimationTestCase ,
1,Sat Nov 24 16:58:00 EST 2018,7,0,ParserSuiteA12,ParserCreatesDefineCallCommandObjectTestCase ParserCreatesThreadCommandObjectTestCase , ,ParserCreatesProceedAllCommandObjectTestCase ParserCreatesRotateLeftArmCommandObjectTestCase ParserCreatesRotateRightArmCommandObjectTestCase ParserCreatesSleepCommandObjectTestCase ,BroadcastingClearanceManagerFactoryMethodTest DefineCallCommandObjectTestCase DefineCallCommandTestCase EnvironmentFactoryMethodTest LockstepAvatarsAnimationTestCase ParsingExceptionTestCase ProceedAllCommandObjectTestCase ProceedAllCommandTestCase RotateLeftArmCommandObjectTestCase RotateLeftArmCommandTestCase RotateRightArmCommandObjectTestCase RotateRightArmCommandTestCase ScanningExceptionTestCase SleepCommandObjectTestCase SleepCommandTestCase SwingTextFieldFactoryTestCase ThreadCommandObjectTestCase ThreadCommandTestCase UndoRedoTestCase WaitingAvatarsAnimationTestCase ,
2,Sat Nov 24 17:00:30 EST 2018,19,12,ParserSuiteA12,ParserCreatesDefineCallCommandObjectTestCase ParserCreatesProceedAllCommandObjectTestCase+ ParserCreatesRotateLeftArmCommandObjectTestCase+ ParserCreatesRotateRightArmCommandObjectTestCase+ ParserCreatesThreadCommandObjectTestCase , ,ParserCreatesSleepCommandObjectTestCase ,BroadcastingClearanceManagerFactoryMethodTest DefineCallCommandObjectTestCase DefineCallCommandTestCase EnvironmentFactoryMethodTest LockstepAvatarsAnimationTestCase ParsingExceptionTestCase ProceedAllCommandObjectTestCase ProceedAllCommandTestCase RotateLeftArmCommandObjectTestCase RotateLeftArmCommandTestCase RotateRightArmCommandObjectTestCase RotateRightArmCommandTestCase ScanningExceptionTestCase SleepCommandObjectTestCase SleepCommandTestCase SwingTextFieldFactoryTestCase ThreadCommandObjectTestCase ThreadCommandTestCase UndoRedoTestCase WaitingAvatarsAnimationTestCase ,
3,Sat Nov 24 17:26:55 EST 2018,23,4,ParserSuiteA12,ParserCreatesDefineCallCommandObjectTestCase ParserCreatesProceedAllCommandObjectTestCase ParserCreatesRotateLeftArmCommandObjectTestCase ParserCreatesRotateRightArmCommandObjectTestCase ParserCreatesSleepCommandObjectTestCase+ ParserCreatesThreadCommandObjectTestCase , , ,BroadcastingClearanceManagerFactoryMethodTest DefineCallCommandObjectTestCase DefineCallCommandTestCase EnvironmentFactoryMethodTest LockstepAvatarsAnimationTestCase ParsingExceptionTestCase ProceedAllCommandObjectTestCase ProceedAllCommandTestCase RotateLeftArmCommandObjectTestCase RotateLeftArmCommandTestCase RotateRightArmCommandObjectTestCase RotateRightArmCommandTestCase ScanningExceptionTestCase SleepCommandObjectTestCase SleepCommandTestCase SwingTextFieldFactoryTestCase ThreadCommandObjectTestCase ThreadCommandTestCase UndoRedoTestCase WaitingAvatarsAnimationTestCase ,
4,Sat Nov 24 17:27:05 EST 2018,23,0,ExceptionSuite,ParserCreatesDefineCallCommandObjectTestCase ParserCreatesProceedAllCommandObjectTestCase ParserCreatesRotateLeftArmCommandObjectTestCase ParserCreatesRotateRightArmCommandObjectTestCase ParserCreatesSleepCommandObjectTestCase ParserCreatesThreadCommandObjectTestCase , ,ParsingExceptionTestCase+ ScanningExceptionTestCase+ ,BroadcastingClearanceManagerFactoryMethodTest DefineCallCommandObjectTestCase DefineCallCommandTestCase EnvironmentFactoryMethodTest LockstepAvatarsAnimationTestCase ProceedAllCommandObjectTestCase ProceedAllCommandTestCase RotateLeftArmCommandObjectTestCase RotateLeftArmCommandTestCase RotateRightArmCommandObjectTestCase RotateRightArmCommandTestCase SleepCommandObjectTestCase SleepCommandTestCase SwingTextFieldFactoryTestCase ThreadCommandObjectTestCase ThreadCommandTestCase UndoRedoTestCase WaitingAvatarsAnimationTestCase ,
5,Sat Nov 24 17:27:15 EST 2018,23,0,ExceptionSuite,ParserCreatesDefineCallCommandObjectTestCase ParserCreatesProceedAllCommandObjectTestCase ParserCreatesRotateLeftArmCommandObjectTestCase ParserCreatesRotateRightArmCommandObjectTestCase ParserCreatesSleepCommandObjectTestCase ParserCreatesThreadCommandObjectTestCase , ,ParsingExceptionTestCase ScanningExceptionTestCase ,BroadcastingClearanceManagerFactoryMethodTest DefineCallCommandObjectTestCase DefineCallCommandTestCase EnvironmentFactoryMethodTest LockstepAvatarsAnimationTestCase ProceedAllCommandObjectTestCase ProceedAllCommandTestCase RotateLeftArmCommandObjectTestCase RotateLeftArmCommandTestCase RotateRightArmCommandObjectTestCase RotateRightArmCommandTestCase SleepCommandObjectTestCase SleepCommandTestCase SwingTextFieldFactoryTestCase ThreadCommandObjectTestCase ThreadCommandTestCase UndoRedoTestCase WaitingAvatarsAnimationTestCase ,
6,Sat Nov 24 17:28:01 EST 2018,23,0,WaitingAvatarsAnimationTestCase,ParserCreatesDefineCallCommandObjectTestCase ParserCreatesProceedAllCommandObjectTestCase ParserCreatesRotateLeftArmCommandObjectTestCase ParserCreatesRotateRightArmCommandObjectTestCase ParserCreatesSleepCommandObjectTestCase ParserCreatesThreadCommandObjectTestCase , ,ParsingExceptionTestCase ScanningExceptionTestCase WaitingAvatarsAnimationTestCase+ ,BroadcastingClearanceManagerFactoryMethodTest DefineCallCommandObjectTestCase DefineCallCommandTestCase EnvironmentFactoryMethodTest LockstepAvatarsAnimationTestCase ProceedAllCommandObjectTestCase ProceedAllCommandTestCase RotateLeftArmCommandObjectTestCase RotateLeftArmCommandTestCase RotateRightArmCommandObjectTestCase RotateRightArmCommandTestCase SleepCommandObjectTestCase SleepCommandTestCase SwingTextFieldFactoryTestCase ThreadCommandObjectTestCase ThreadCommandTestCase UndoRedoTestCase ,
7,Sat Nov 24 17:28:12 EST 2018,26,3,LockstepAvatarsAnimationTestCase,LockstepAvatarsAnimationTestCase+ ParserCreatesDefineCallCommandObjectTestCase ParserCreatesProceedAllCommandObjectTestCase ParserCreatesRotateLeftArmCommandObjectTestCase ParserCreatesRotateRightArmCommandObjectTestCase ParserCreatesSleepCommandObjectTestCase ParserCreatesThreadCommandObjectTestCase , ,ParsingExceptionTestCase ScanningExceptionTestCase WaitingAvatarsAnimationTestCase ,BroadcastingClearanceManagerFactoryMethodTest DefineCallCommandObjectTestCase DefineCallCommandTestCase EnvironmentFactoryMethodTest ProceedAllCommandObjectTestCase ProceedAllCommandTestCase RotateLeftArmCommandObjectTestCase RotateLeftArmCommandTestCase RotateRightArmCommandObjectTestCase RotateRightArmCommandTestCase SleepCommandObjectTestCase SleepCommandTestCase SwingTextFieldFactoryTestCase ThreadCommandObjectTestCase ThreadCommandTestCase UndoRedoTestCase ,
8,Sat Nov 24 18:05:20 EST 2018,34,8,ExceptionSuite,LockstepAvatarsAnimationTestCase ParserCreatesDefineCallCommandObjectTestCase ParserCreatesProceedAllCommandObjectTestCase ParserCreatesRotateLeftArmCommandObjectTestCase ParserCreatesRotateRightArmCommandObjectTestCase ParserCreatesSleepCommandObjectTestCase ParserCreatesThreadCommandObjectTestCase ParsingExceptionTestCase+ ScanningExceptionTestCase+ , ,WaitingAvatarsAnimationTestCase ,BroadcastingClearanceManagerFactoryMethodTest DefineCallCommandObjectTestCase DefineCallCommandTestCase EnvironmentFactoryMethodTest ProceedAllCommandObjectTestCase ProceedAllCommandTestCase RotateLeftArmCommandObjectTestCase RotateLeftArmCommandTestCase RotateRightArmCommandObjectTestCase RotateRightArmCommandTestCase SleepCommandObjectTestCase SleepCommandTestCase SwingTextFieldFactoryTestCase ThreadCommandObjectTestCase ThreadCommandTestCase UndoRedoTestCase ,
9,Sat Nov 24 18:05:27 EST 2018,53,19,CommandInterpreterSuiteA12,DefineCallCommandTestCase+ LockstepAvatarsAnimationTestCase ParserCreatesDefineCallCommandObjectTestCase ParserCreatesProceedAllCommandObjectTestCase ParserCreatesRotateLeftArmCommandObjectTestCase ParserCreatesRotateRightArmCommandObjectTestCase ParserCreatesSleepCommandObjectTestCase ParserCreatesThreadCommandObjectTestCase ParsingExceptionTestCase RotateLeftArmCommandTestCase+ RotateRightArmCommandTestCase+ ScanningExceptionTestCase SleepCommandTestCase+ ThreadCommandTestCase+ , ,ProceedAllCommandTestCase+ WaitingAvatarsAnimationTestCase ,BroadcastingClearanceManagerFactoryMethodTest DefineCallCommandObjectTestCase EnvironmentFactoryMethodTest ProceedAllCommandObjectTestCase RotateLeftArmCommandObjectTestCase RotateRightArmCommandObjectTestCase SleepCommandObjectTestCase SwingTextFieldFactoryTestCase ThreadCommandObjectTestCase UndoRedoTestCase ,
10,Sat Nov 24 18:05:37 EST 2018,46,-7,CommandInterpreterSuiteA12,DefineCallCommandTestCase LockstepAvatarsAnimationTestCase ParserCreatesDefineCallCommandObjectTestCase ParserCreatesProceedAllCommandObjectTestCase ParserCreatesRotateLeftArmCommandObjectTestCase ParserCreatesRotateRightArmCommandObjectTestCase ParserCreatesSleepCommandObjectTestCase ParserCreatesThreadCommandObjectTestCase ParsingExceptionTestCase ScanningExceptionTestCase SleepCommandTestCase ThreadCommandTestCase , ,ProceedAllCommandTestCase RotateLeftArmCommandTestCase- RotateRightArmCommandTestCase- WaitingAvatarsAnimationTestCase ,BroadcastingClearanceManagerFactoryMethodTest DefineCallCommandObjectTestCase EnvironmentFactoryMethodTest ProceedAllCommandObjectTestCase RotateLeftArmCommandObjectTestCase RotateRightArmCommandObjectTestCase SleepCommandObjectTestCase SwingTextFieldFactoryTestCase ThreadCommandObjectTestCase UndoRedoTestCase ,
11,Sat Nov 24 18:06:01 EST 2018,46,0,CommandInterpreterSuiteA12,DefineCallCommandTestCase LockstepAvatarsAnimationTestCase ParserCreatesDefineCallCommandObjectTestCase ParserCreatesProceedAllCommandObjectTestCase ParserCreatesRotateLeftArmCommandObjectTestCase ParserCreatesRotateRightArmCommandObjectTestCase ParserCreatesSleepCommandObjectTestCase ParserCreatesThreadCommandObjectTestCase ParsingExceptionTestCase ScanningExceptionTestCase SleepCommandTestCase ThreadCommandTestCase , ,ProceedAllCommandTestCase RotateLeftArmCommandTestCase RotateRightArmCommandTestCase WaitingAvatarsAnimationTestCase ,BroadcastingClearanceManagerFactoryMethodTest DefineCallCommandObjectTestCase EnvironmentFactoryMethodTest ProceedAllCommandObjectTestCase RotateLeftArmCommandObjectTestCase RotateRightArmCommandObjectTestCase SleepCommandObjectTestCase SwingTextFieldFactoryTestCase ThreadCommandObjectTestCase UndoRedoTestCase ,
12,Sat Nov 24 18:09:41 EST 2018,46,0,ParserSuiteA12,DefineCallCommandTestCase LockstepAvatarsAnimationTestCase ParserCreatesDefineCallCommandObjectTestCase ParserCreatesProceedAllCommandObjectTestCase ParserCreatesRotateLeftArmCommandObjectTestCase ParserCreatesRotateRightArmCommandObjectTestCase ParserCreatesSleepCommandObjectTestCase ParserCreatesThreadCommandObjectTestCase ParsingExceptionTestCase ScanningExceptionTestCase SleepCommandTestCase ThreadCommandTestCase , ,ProceedAllCommandTestCase RotateLeftArmCommandTestCase RotateRightArmCommandTestCase WaitingAvatarsAnimationTestCase ,BroadcastingClearanceManagerFactoryMethodTest DefineCallCommandObjectTestCase EnvironmentFactoryMethodTest ProceedAllCommandObjectTestCase RotateLeftArmCommandObjectTestCase RotateRightArmCommandObjectTestCase SleepCommandObjectTestCase SwingTextFieldFactoryTestCase ThreadCommandObjectTestCase UndoRedoTestCase ,
13,Sat Nov 24 18:09:55 EST 2018,50,4,BroadcastingClearanceManagerFactoryMethodTest,BroadcastingClearanceManagerFactoryMethodTest+ DefineCallCommandTestCase LockstepAvatarsAnimationTestCase ParserCreatesDefineCallCommandObjectTestCase ParserCreatesProceedAllCommandObjectTestCase ParserCreatesRotateLeftArmCommandObjectTestCase ParserCreatesRotateRightArmCommandObjectTestCase ParserCreatesSleepCommandObjectTestCase ParserCreatesThreadCommandObjectTestCase ParsingExceptionTestCase ScanningExceptionTestCase SleepCommandTestCase ThreadCommandTestCase , ,ProceedAllCommandTestCase RotateLeftArmCommandTestCase RotateRightArmCommandTestCase WaitingAvatarsAnimationTestCase ,DefineCallCommandObjectTestCase EnvironmentFactoryMethodTest ProceedAllCommandObjectTestCase RotateLeftArmCommandObjectTestCase RotateRightArmCommandObjectTestCase SleepCommandObjectTestCase SwingTextFieldFactoryTestCase ThreadCommandObjectTestCase UndoRedoTestCase ,
14,Sat Nov 24 18:10:09 EST 2018,50,0,LockstepAvatarsAnimationTestCase,BroadcastingClearanceManagerFactoryMethodTest DefineCallCommandTestCase LockstepAvatarsAnimationTestCase ParserCreatesDefineCallCommandObjectTestCase ParserCreatesProceedAllCommandObjectTestCase ParserCreatesRotateLeftArmCommandObjectTestCase ParserCreatesRotateRightArmCommandObjectTestCase ParserCreatesSleepCommandObjectTestCase ParserCreatesThreadCommandObjectTestCase ParsingExceptionTestCase ScanningExceptionTestCase SleepCommandTestCase ThreadCommandTestCase , ,ProceedAllCommandTestCase RotateLeftArmCommandTestCase RotateRightArmCommandTestCase WaitingAvatarsAnimationTestCase ,DefineCallCommandObjectTestCase EnvironmentFactoryMethodTest ProceedAllCommandObjectTestCase RotateLeftArmCommandObjectTestCase RotateRightArmCommandObjectTestCase SleepCommandObjectTestCase SwingTextFieldFactoryTestCase ThreadCommandObjectTestCase UndoRedoTestCase ,
15,Sat Nov 24 18:10:25 EST 2018,73,23,CommandObjectSuiteA12,BroadcastingClearanceManagerFactoryMethodTest DefineCallCommandObjectTestCase+ DefineCallCommandTestCase EnvironmentFactoryMethodTest+ LockstepAvatarsAnimationTestCase ParserCreatesDefineCallCommandObjectTestCase ParserCreatesProceedAllCommandObjectTestCase ParserCreatesRotateLeftArmCommandObjectTestCase ParserCreatesRotateRightArmCommandObjectTestCase ParserCreatesSleepCommandObjectTestCase ParserCreatesThreadCommandObjectTestCase ParsingExceptionTestCase RotateLeftArmCommandObjectTestCase+ RotateRightArmCommandObjectTestCase+ ScanningExceptionTestCase SleepCommandObjectTestCase+ SleepCommandTestCase ThreadCommandObjectTestCase+ ThreadCommandTestCase , ,ProceedAllCommandObjectTestCase+ ProceedAllCommandTestCase RotateLeftArmCommandTestCase RotateRightArmCommandTestCase WaitingAvatarsAnimationTestCase ,SwingTextFieldFactoryTestCase UndoRedoTestCase ,
16,Sat Nov 24 18:11:42 EST 2018,73,0,ExceptionSuite,BroadcastingClearanceManagerFactoryMethodTest DefineCallCommandObjectTestCase DefineCallCommandTestCase EnvironmentFactoryMethodTest LockstepAvatarsAnimationTestCase ParserCreatesDefineCallCommandObjectTestCase ParserCreatesProceedAllCommandObjectTestCase ParserCreatesRotateLeftArmCommandObjectTestCase ParserCreatesRotateRightArmCommandObjectTestCase ParserCreatesSleepCommandObjectTestCase ParserCreatesThreadCommandObjectTestCase ParsingExceptionTestCase RotateLeftArmCommandObjectTestCase RotateRightArmCommandObjectTestCase ScanningExceptionTestCase SleepCommandObjectTestCase SleepCommandTestCase ThreadCommandObjectTestCase ThreadCommandTestCase , ,ProceedAllCommandObjectTestCase ProceedAllCommandTestCase RotateLeftArmCommandTestCase RotateRightArmCommandTestCase WaitingAvatarsAnimationTestCase ,SwingTextFieldFactoryTestCase UndoRedoTestCase ,
17,Sat Nov 24 18:11:58 EST 2018,73,0,WaitingAvatarsAnimationTestCase,BroadcastingClearanceManagerFactoryMethodTest DefineCallCommandObjectTestCase DefineCallCommandTestCase EnvironmentFactoryMethodTest LockstepAvatarsAnimationTestCase ParserCreatesDefineCallCommandObjectTestCase ParserCreatesProceedAllCommandObjectTestCase ParserCreatesRotateLeftArmCommandObjectTestCase ParserCreatesRotateRightArmCommandObjectTestCase ParserCreatesSleepCommandObjectTestCase ParserCreatesThreadCommandObjectTestCase ParsingExceptionTestCase RotateLeftArmCommandObjectTestCase RotateRightArmCommandObjectTestCase ScanningExceptionTestCase SleepCommandObjectTestCase SleepCommandTestCase ThreadCommandObjectTestCase ThreadCommandTestCase , ,ProceedAllCommandObjectTestCase ProceedAllCommandTestCase RotateLeftArmCommandTestCase RotateRightArmCommandTestCase WaitingAvatarsAnimationTestCase ,SwingTextFieldFactoryTestCase UndoRedoTestCase ,
18,Sat Nov 24 18:12:12 EST 2018,73,0,CommandInterpreterSuiteA12,BroadcastingClearanceManagerFactoryMethodTest DefineCallCommandObjectTestCase DefineCallCommandTestCase EnvironmentFactoryMethodTest LockstepAvatarsAnimationTestCase ParserCreatesDefineCallCommandObjectTestCase ParserCreatesProceedAllCommandObjectTestCase ParserCreatesRotateLeftArmCommandObjectTestCase ParserCreatesRotateRightArmCommandObjectTestCase ParserCreatesSleepCommandObjectTestCase ParserCreatesThreadCommandObjectTestCase ParsingExceptionTestCase RotateLeftArmCommandObjectTestCase RotateRightArmCommandObjectTestCase ScanningExceptionTestCase SleepCommandObjectTestCase SleepCommandTestCase ThreadCommandObjectTestCase ThreadCommandTestCase , ,ProceedAllCommandObjectTestCase ProceedAllCommandTestCase RotateLeftArmCommandTestCase RotateRightArmCommandTestCase WaitingAvatarsAnimationTestCase ,SwingTextFieldFactoryTestCase UndoRedoTestCase ,
19,Sat Nov 24 18:14:52 EST 2018,73,0,ParserSuiteA12,BroadcastingClearanceManagerFactoryMethodTest DefineCallCommandObjectTestCase DefineCallCommandTestCase EnvironmentFactoryMethodTest LockstepAvatarsAnimationTestCase ParserCreatesDefineCallCommandObjectTestCase ParserCreatesProceedAllCommandObjectTestCase ParserCreatesRotateLeftArmCommandObjectTestCase ParserCreatesRotateRightArmCommandObjectTestCase ParserCreatesSleepCommandObjectTestCase ParserCreatesThreadCommandObjectTestCase ParsingExceptionTestCase RotateLeftArmCommandObjectTestCase RotateRightArmCommandObjectTestCase ScanningExceptionTestCase SleepCommandObjectTestCase SleepCommandTestCase ThreadCommandObjectTestCase ThreadCommandTestCase , ,ProceedAllCommandObjectTestCase ProceedAllCommandTestCase RotateLeftArmCommandTestCase RotateRightArmCommandTestCase WaitingAvatarsAnimationTestCase ,SwingTextFieldFactoryTestCase UndoRedoTestCase ,
20,Sat Nov 24 18:14:59 EST 2018,73,0,ExceptionSuite,BroadcastingClearanceManagerFactoryMethodTest DefineCallCommandObjectTestCase DefineCallCommandTestCase EnvironmentFactoryMethodTest LockstepAvatarsAnimationTestCase ParserCreatesDefineCallCommandObjectTestCase ParserCreatesProceedAllCommandObjectTestCase ParserCreatesRotateLeftArmCommandObjectTestCase ParserCreatesRotateRightArmCommandObjectTestCase ParserCreatesSleepCommandObjectTestCase ParserCreatesThreadCommandObjectTestCase ParsingExceptionTestCase RotateLeftArmCommandObjectTestCase RotateRightArmCommandObjectTestCase ScanningExceptionTestCase SleepCommandObjectTestCase SleepCommandTestCase ThreadCommandObjectTestCase ThreadCommandTestCase , ,ProceedAllCommandObjectTestCase ProceedAllCommandTestCase RotateLeftArmCommandTestCase RotateRightArmCommandTestCase WaitingAvatarsAnimationTestCase ,SwingTextFieldFactoryTestCase UndoRedoTestCase ,
21,Sat Nov 24 18:15:11 EST 2018,73,0,LockstepAvatarsAnimationTestCase,BroadcastingClearanceManagerFactoryMethodTest DefineCallCommandObjectTestCase DefineCallCommandTestCase EnvironmentFactoryMethodTest LockstepAvatarsAnimationTestCase ParserCreatesDefineCallCommandObjectTestCase ParserCreatesProceedAllCommandObjectTestCase ParserCreatesRotateLeftArmCommandObjectTestCase ParserCreatesRotateRightArmCommandObjectTestCase ParserCreatesSleepCommandObjectTestCase ParserCreatesThreadCommandObjectTestCase ParsingExceptionTestCase RotateLeftArmCommandObjectTestCase RotateRightArmCommandObjectTestCase ScanningExceptionTestCase SleepCommandObjectTestCase SleepCommandTestCase ThreadCommandObjectTestCase ThreadCommandTestCase , ,ProceedAllCommandObjectTestCase ProceedAllCommandTestCase RotateLeftArmCommandTestCase RotateRightArmCommandTestCase WaitingAvatarsAnimationTestCase ,SwingTextFieldFactoryTestCase UndoRedoTestCase ,
22,Sat Nov 24 18:23:03 EST 2018,76,3,WaitingAvatarsAnimationTestCase,BroadcastingClearanceManagerFactoryMethodTest DefineCallCommandObjectTestCase DefineCallCommandTestCase EnvironmentFactoryMethodTest LockstepAvatarsAnimationTestCase ParserCreatesDefineCallCommandObjectTestCase ParserCreatesProceedAllCommandObjectTestCase ParserCreatesRotateLeftArmCommandObjectTestCase ParserCreatesRotateRightArmCommandObjectTestCase ParserCreatesSleepCommandObjectTestCase ParserCreatesThreadCommandObjectTestCase ParsingExceptionTestCase RotateLeftArmCommandObjectTestCase RotateRightArmCommandObjectTestCase ScanningExceptionTestCase SleepCommandObjectTestCase SleepCommandTestCase ThreadCommandObjectTestCase ThreadCommandTestCase WaitingAvatarsAnimationTestCase+ , ,ProceedAllCommandObjectTestCase ProceedAllCommandTestCase RotateLeftArmCommandTestCase RotateRightArmCommandTestCase ,SwingTextFieldFactoryTestCase UndoRedoTestCase ,
23,Sat Nov 24 18:23:50 EST 2018,92,16,ExceptionSuite,BroadcastingClearanceManagerFactoryMethodTest DefineCallCommandObjectTestCase DefineCallCommandTestCase EnvironmentFactoryMethodTest LockstepAvatarsAnimationTestCase ParserCreatesDefineCallCommandObjectTestCase ParserCreatesProceedAllCommandObjectTestCase ParserCreatesRotateLeftArmCommandObjectTestCase ParserCreatesRotateRightArmCommandObjectTestCase ParserCreatesSleepCommandObjectTestCase ParserCreatesThreadCommandObjectTestCase ParsingExceptionTestCase ProceedAllCommandObjectTestCase+ ProceedAllCommandTestCase+ RotateLeftArmCommandObjectTestCase RotateLeftArmCommandTestCase+ RotateRightArmCommandObjectTestCase RotateRightArmCommandTestCase+ ScanningExceptionTestCase SleepCommandObjectTestCase SleepCommandTestCase ThreadCommandObjectTestCase ThreadCommandTestCase WaitingAvatarsAnimationTestCase , , ,SwingTextFieldFactoryTestCase UndoRedoTestCase ,
24,Sat Nov 24 18:23:59 EST 2018,92,0,LockstepAvatarsAnimationTestCase,BroadcastingClearanceManagerFactoryMethodTest DefineCallCommandObjectTestCase DefineCallCommandTestCase EnvironmentFactoryMethodTest LockstepAvatarsAnimationTestCase ParserCreatesDefineCallCommandObjectTestCase ParserCreatesProceedAllCommandObjectTestCase ParserCreatesRotateLeftArmCommandObjectTestCase ParserCreatesRotateRightArmCommandObjectTestCase ParserCreatesSleepCommandObjectTestCase ParserCreatesThreadCommandObjectTestCase ParsingExceptionTestCase ProceedAllCommandObjectTestCase ProceedAllCommandTestCase RotateLeftArmCommandObjectTestCase RotateLeftArmCommandTestCase RotateRightArmCommandObjectTestCase RotateRightArmCommandTestCase ScanningExceptionTestCase SleepCommandObjectTestCase SleepCommandTestCase ThreadCommandObjectTestCase ThreadCommandTestCase WaitingAvatarsAnimationTestCase , , ,SwingTextFieldFactoryTestCase UndoRedoTestCase ,
25,Sat Nov 24 18:24:22 EST 2018,84,-8,ParserSuiteA12,BroadcastingClearanceManagerFactoryMethodTest DefineCallCommandObjectTestCase DefineCallCommandTestCase EnvironmentFactoryMethodTest LockstepAvatarsAnimationTestCase ParserCreatesDefineCallCommandObjectTestCase ParserCreatesProceedAllCommandObjectTestCase ParserCreatesRotateLeftArmCommandObjectTestCase ParserCreatesRotateRightArmCommandObjectTestCase ParserCreatesSleepCommandObjectTestCase ParserCreatesThreadCommandObjectTestCase ParsingExceptionTestCase ProceedAllCommandObjectTestCase ProceedAllCommandTestCase RotateLeftArmCommandTestCase RotateRightArmCommandTestCase ScanningExceptionTestCase SleepCommandObjectTestCase SleepCommandTestCase ThreadCommandObjectTestCase ThreadCommandTestCase WaitingAvatarsAnimationTestCase , ,RotateLeftArmCommandObjectTestCase- RotateRightArmCommandObjectTestCase- ,SwingTextFieldFactoryTestCase UndoRedoTestCase ,
26,Sat Nov 24 18:24:25 EST 2018,84,0,BroadcastingClearanceManagerFactoryMethodTest,BroadcastingClearanceManagerFactoryMethodTest DefineCallCommandObjectTestCase DefineCallCommandTestCase EnvironmentFactoryMethodTest LockstepAvatarsAnimationTestCase ParserCreatesDefineCallCommandObjectTestCase ParserCreatesProceedAllCommandObjectTestCase ParserCreatesRotateLeftArmCommandObjectTestCase ParserCreatesRotateRightArmCommandObjectTestCase ParserCreatesSleepCommandObjectTestCase ParserCreatesThreadCommandObjectTestCase ParsingExceptionTestCase ProceedAllCommandObjectTestCase ProceedAllCommandTestCase RotateLeftArmCommandTestCase RotateRightArmCommandTestCase ScanningExceptionTestCase SleepCommandObjectTestCase SleepCommandTestCase ThreadCommandObjectTestCase ThreadCommandTestCase WaitingAvatarsAnimationTestCase , ,RotateLeftArmCommandObjectTestCase RotateRightArmCommandObjectTestCase ,SwingTextFieldFactoryTestCase UndoRedoTestCase ,
27,Sat Nov 24 18:48:54 EST 2018,84,0,Assignment12Suite,BroadcastingClearanceManagerFactoryMethodTest DefineCallCommandObjectTestCase DefineCallCommandTestCase EnvironmentFactoryMethodTest LockstepAvatarsAnimationTestCase ParserCreatesDefineCallCommandObjectTestCase ParserCreatesProceedAllCommandObjectTestCase ParserCreatesRotateLeftArmCommandObjectTestCase ParserCreatesRotateRightArmCommandObjectTestCase ParserCreatesSleepCommandObjectTestCase ParserCreatesThreadCommandObjectTestCase ParsingExceptionTestCase ProceedAllCommandObjectTestCase ProceedAllCommandTestCase RotateLeftArmCommandTestCase RotateRightArmCommandTestCase ScanningExceptionTestCase SleepCommandObjectTestCase SleepCommandTestCase ThreadCommandObjectTestCase ThreadCommandTestCase WaitingAvatarsAnimationTestCase , ,RotateLeftArmCommandObjectTestCase RotateRightArmCommandObjectTestCase SwingTextFieldFactoryTestCase+ UndoRedoTestCase+ , ,
28,Sun Nov 25 03:52:30 EST 2018,84,0,UndoRedoTestCase,BroadcastingClearanceManagerFactoryMethodTest DefineCallCommandObjectTestCase DefineCallCommandTestCase EnvironmentFactoryMethodTest LockstepAvatarsAnimationTestCase ParserCreatesDefineCallCommandObjectTestCase ParserCreatesProceedAllCommandObjectTestCase ParserCreatesRotateLeftArmCommandObjectTestCase ParserCreatesRotateRightArmCommandObjectTestCase ParserCreatesSleepCommandObjectTestCase ParserCreatesThreadCommandObjectTestCase ParsingExceptionTestCase ProceedAllCommandObjectTestCase ProceedAllCommandTestCase RotateLeftArmCommandTestCase RotateRightArmCommandTestCase ScanningExceptionTestCase SleepCommandObjectTestCase SleepCommandTestCase ThreadCommandObjectTestCase ThreadCommandTestCase WaitingAvatarsAnimationTestCase , ,RotateLeftArmCommandObjectTestCase RotateRightArmCommandObjectTestCase SwingTextFieldFactoryTestCase UndoRedoTestCase , ,
29,Sun Nov 25 03:55:10 EST 2018,84,0,UndoRedoTestCase,BroadcastingClearanceManagerFactoryMethodTest DefineCallCommandObjectTestCase DefineCallCommandTestCase EnvironmentFactoryMethodTest LockstepAvatarsAnimationTestCase ParserCreatesDefineCallCommandObjectTestCase ParserCreatesProceedAllCommandObjectTestCase ParserCreatesRotateLeftArmCommandObjectTestCase ParserCreatesRotateRightArmCommandObjectTestCase ParserCreatesSleepCommandObjectTestCase ParserCreatesThreadCommandObjectTestCase ParsingExceptionTestCase ProceedAllCommandObjectTestCase ProceedAllCommandTestCase RotateLeftArmCommandTestCase RotateRightArmCommandTestCase ScanningExceptionTestCase SleepCommandObjectTestCase SleepCommandTestCase ThreadCommandObjectTestCase ThreadCommandTestCase WaitingAvatarsAnimationTestCase , ,RotateLeftArmCommandObjectTestCase RotateRightArmCommandObjectTestCase SwingTextFieldFactoryTestCase UndoRedoTestCase , ,
30,Sun Nov 25 03:59:08 EST 2018,88,4,UndoRedoTestCase,BroadcastingClearanceManagerFactoryMethodTest DefineCallCommandObjectTestCase DefineCallCommandTestCase EnvironmentFactoryMethodTest LockstepAvatarsAnimationTestCase ParserCreatesDefineCallCommandObjectTestCase ParserCreatesProceedAllCommandObjectTestCase ParserCreatesRotateLeftArmCommandObjectTestCase ParserCreatesRotateRightArmCommandObjectTestCase ParserCreatesSleepCommandObjectTestCase ParserCreatesThreadCommandObjectTestCase ParsingExceptionTestCase ProceedAllCommandObjectTestCase ProceedAllCommandTestCase RotateLeftArmCommandTestCase RotateRightArmCommandTestCase ScanningExceptionTestCase SleepCommandObjectTestCase SleepCommandTestCase ThreadCommandObjectTestCase ThreadCommandTestCase UndoRedoTestCase+ WaitingAvatarsAnimationTestCase , ,RotateLeftArmCommandObjectTestCase RotateRightArmCommandObjectTestCase SwingTextFieldFactoryTestCase , ,
31,Sun Nov 25 04:05:47 EST 2018,88,0,UndoRedoTestCase,BroadcastingClearanceManagerFactoryMethodTest DefineCallCommandObjectTestCase DefineCallCommandTestCase EnvironmentFactoryMethodTest LockstepAvatarsAnimationTestCase ParserCreatesDefineCallCommandObjectTestCase ParserCreatesProceedAllCommandObjectTestCase ParserCreatesRotateLeftArmCommandObjectTestCase ParserCreatesRotateRightArmCommandObjectTestCase ParserCreatesSleepCommandObjectTestCase ParserCreatesThreadCommandObjectTestCase ParsingExceptionTestCase ProceedAllCommandObjectTestCase ProceedAllCommandTestCase RotateLeftArmCommandTestCase RotateRightArmCommandTestCase ScanningExceptionTestCase SleepCommandObjectTestCase SleepCommandTestCase ThreadCommandObjectTestCase ThreadCommandTestCase UndoRedoTestCase WaitingAvatarsAnimationTestCase , ,RotateLeftArmCommandObjectTestCase RotateRightArmCommandObjectTestCase SwingTextFieldFactoryTestCase , ,
32,Tue Nov 27 12:02:13 EST 2018,88,0,CommandObjectSuiteA12,BroadcastingClearanceManagerFactoryMethodTest DefineCallCommandTestCase EnvironmentFactoryMethodTest LockstepAvatarsAnimationTestCase ParserCreatesDefineCallCommandObjectTestCase ParserCreatesProceedAllCommandObjectTestCase ParserCreatesRotateLeftArmCommandObjectTestCase ParserCreatesRotateRightArmCommandObjectTestCase ParserCreatesSleepCommandObjectTestCase ParserCreatesThreadCommandObjectTestCase ParsingExceptionTestCase ProceedAllCommandObjectTestCase ProceedAllCommandTestCase RotateLeftArmCommandObjectTestCase+ RotateLeftArmCommandTestCase RotateRightArmCommandObjectTestCase+ RotateRightArmCommandTestCase ScanningExceptionTestCase SleepCommandObjectTestCase SleepCommandTestCase ThreadCommandTestCase UndoRedoTestCase WaitingAvatarsAnimationTestCase , ,DefineCallCommandObjectTestCase- SwingTextFieldFactoryTestCase ThreadCommandObjectTestCase- , ,
33,Tue Nov 27 12:02:20 EST 2018,80,-8,CommandObjectSuiteA12,BroadcastingClearanceManagerFactoryMethodTest DefineCallCommandTestCase EnvironmentFactoryMethodTest LockstepAvatarsAnimationTestCase ParserCreatesDefineCallCommandObjectTestCase ParserCreatesProceedAllCommandObjectTestCase ParserCreatesRotateLeftArmCommandObjectTestCase ParserCreatesRotateRightArmCommandObjectTestCase ParserCreatesSleepCommandObjectTestCase ParserCreatesThreadCommandObjectTestCase ParsingExceptionTestCase ProceedAllCommandObjectTestCase ProceedAllCommandTestCase RotateLeftArmCommandTestCase RotateRightArmCommandTestCase ScanningExceptionTestCase SleepCommandObjectTestCase SleepCommandTestCase ThreadCommandTestCase UndoRedoTestCase WaitingAvatarsAnimationTestCase , ,DefineCallCommandObjectTestCase RotateLeftArmCommandObjectTestCase- RotateRightArmCommandObjectTestCase- SwingTextFieldFactoryTestCase ThreadCommandObjectTestCase , ,
34,Tue Nov 27 12:07:17 EST 2018,80,0,ParserSuiteA12,BroadcastingClearanceManagerFactoryMethodTest DefineCallCommandTestCase EnvironmentFactoryMethodTest LockstepAvatarsAnimationTestCase ParserCreatesDefineCallCommandObjectTestCase ParserCreatesProceedAllCommandObjectTestCase ParserCreatesRotateLeftArmCommandObjectTestCase ParserCreatesRotateRightArmCommandObjectTestCase ParserCreatesSleepCommandObjectTestCase ParserCreatesThreadCommandObjectTestCase ParsingExceptionTestCase ProceedAllCommandObjectTestCase ProceedAllCommandTestCase RotateLeftArmCommandTestCase RotateRightArmCommandTestCase ScanningExceptionTestCase SleepCommandObjectTestCase SleepCommandTestCase ThreadCommandTestCase UndoRedoTestCase WaitingAvatarsAnimationTestCase , ,DefineCallCommandObjectTestCase RotateLeftArmCommandObjectTestCase RotateRightArmCommandObjectTestCase SwingTextFieldFactoryTestCase ThreadCommandObjectTestCase , ,
35,Tue Nov 27 12:07:23 EST 2018,80,0,BroadcastingClearanceManagerFactoryMethodTest,BroadcastingClearanceManagerFactoryMethodTest DefineCallCommandTestCase EnvironmentFactoryMethodTest LockstepAvatarsAnimationTestCase ParserCreatesDefineCallCommandObjectTestCase ParserCreatesProceedAllCommandObjectTestCase ParserCreatesRotateLeftArmCommandObjectTestCase ParserCreatesRotateRightArmCommandObjectTestCase ParserCreatesSleepCommandObjectTestCase ParserCreatesThreadCommandObjectTestCase ParsingExceptionTestCase ProceedAllCommandObjectTestCase ProceedAllCommandTestCase RotateLeftArmCommandTestCase RotateRightArmCommandTestCase ScanningExceptionTestCase SleepCommandObjectTestCase SleepCommandTestCase ThreadCommandTestCase UndoRedoTestCase WaitingAvatarsAnimationTestCase , ,DefineCallCommandObjectTestCase RotateLeftArmCommandObjectTestCase RotateRightArmCommandObjectTestCase SwingTextFieldFactoryTestCase ThreadCommandObjectTestCase , ,
36,Tue Nov 27 12:07:30 EST 2018,80,0,UndoRedoTestCase,BroadcastingClearanceManagerFactoryMethodTest DefineCallCommandTestCase EnvironmentFactoryMethodTest LockstepAvatarsAnimationTestCase ParserCreatesDefineCallCommandObjectTestCase ParserCreatesProceedAllCommandObjectTestCase ParserCreatesRotateLeftArmCommandObjectTestCase ParserCreatesRotateRightArmCommandObjectTestCase ParserCreatesSleepCommandObjectTestCase ParserCreatesThreadCommandObjectTestCase ParsingExceptionTestCase ProceedAllCommandObjectTestCase ProceedAllCommandTestCase RotateLeftArmCommandTestCase RotateRightArmCommandTestCase ScanningExceptionTestCase SleepCommandObjectTestCase SleepCommandTestCase ThreadCommandTestCase UndoRedoTestCase WaitingAvatarsAnimationTestCase , ,DefineCallCommandObjectTestCase RotateLeftArmCommandObjectTestCase RotateRightArmCommandObjectTestCase SwingTextFieldFactoryTestCase ThreadCommandObjectTestCase , ,
37,Tue Nov 27 12:07:40 EST 2018,80,0,ExceptionSuite,BroadcastingClearanceManagerFactoryMethodTest DefineCallCommandTestCase EnvironmentFactoryMethodTest LockstepAvatarsAnimationTestCase ParserCreatesDefineCallCommandObjectTestCase ParserCreatesProceedAllCommandObjectTestCase ParserCreatesRotateLeftArmCommandObjectTestCase ParserCreatesRotateRightArmCommandObjectTestCase ParserCreatesSleepCommandObjectTestCase ParserCreatesThreadCommandObjectTestCase ParsingExceptionTestCase ProceedAllCommandObjectTestCase ProceedAllCommandTestCase RotateLeftArmCommandTestCase RotateRightArmCommandTestCase ScanningExceptionTestCase SleepCommandObjectTestCase SleepCommandTestCase ThreadCommandTestCase UndoRedoTestCase WaitingAvatarsAnimationTestCase , ,DefineCallCommandObjectTestCase RotateLeftArmCommandObjectTestCase RotateRightArmCommandObjectTestCase SwingTextFieldFactoryTestCase ThreadCommandObjectTestCase , ,
38,Tue Nov 27 12:14:19 EST 2018,80,0,ExceptionSuite,BroadcastingClearanceManagerFactoryMethodTest DefineCallCommandTestCase EnvironmentFactoryMethodTest LockstepAvatarsAnimationTestCase ParserCreatesDefineCallCommandObjectTestCase ParserCreatesProceedAllCommandObjectTestCase ParserCreatesRotateLeftArmCommandObjectTestCase ParserCreatesRotateRightArmCommandObjectTestCase ParserCreatesSleepCommandObjectTestCase ParserCreatesThreadCommandObjectTestCase ParsingExceptionTestCase ProceedAllCommandObjectTestCase ProceedAllCommandTestCase RotateLeftArmCommandTestCase RotateRightArmCommandTestCase ScanningExceptionTestCase SleepCommandObjectTestCase SleepCommandTestCase ThreadCommandTestCase UndoRedoTestCase WaitingAvatarsAnimationTestCase , ,DefineCallCommandObjectTestCase RotateLeftArmCommandObjectTestCase RotateRightArmCommandObjectTestCase SwingTextFieldFactoryTestCase ThreadCommandObjectTestCase , ,
39,Tue Nov 27 13:56:07 EST 2018,80,0,ExceptionSuite,BroadcastingClearanceManagerFactoryMethodTest DefineCallCommandTestCase EnvironmentFactoryMethodTest LockstepAvatarsAnimationTestCase ParserCreatesDefineCallCommandObjectTestCase ParserCreatesProceedAllCommandObjectTestCase ParserCreatesRotateLeftArmCommandObjectTestCase ParserCreatesRotateRightArmCommandObjectTestCase ParserCreatesSleepCommandObjectTestCase ParserCreatesThreadCommandObjectTestCase ParsingExceptionTestCase ProceedAllCommandObjectTestCase ProceedAllCommandTestCase RotateLeftArmCommandTestCase RotateRightArmCommandTestCase ScanningExceptionTestCase SleepCommandObjectTestCase SleepCommandTestCase ThreadCommandTestCase UndoRedoTestCase WaitingAvatarsAnimationTestCase , ,DefineCallCommandObjectTestCase RotateLeftArmCommandObjectTestCase RotateRightArmCommandObjectTestCase SwingTextFieldFactoryTestCase ThreadCommandObjectTestCase , ,
40,Tue Nov 27 14:54:09 EST 2018,80,0,ExceptionSuite,BroadcastingClearanceManagerFactoryMethodTest DefineCallCommandTestCase EnvironmentFactoryMethodTest LockstepAvatarsAnimationTestCase ParserCreatesDefineCallCommandObjectTestCase ParserCreatesProceedAllCommandObjectTestCase ParserCreatesRotateLeftArmCommandObjectTestCase ParserCreatesRotateRightArmCommandObjectTestCase ParserCreatesSleepCommandObjectTestCase ParserCreatesThreadCommandObjectTestCase ParsingExceptionTestCase ProceedAllCommandObjectTestCase ProceedAllCommandTestCase RotateLeftArmCommandTestCase RotateRightArmCommandTestCase ScanningExceptionTestCase SleepCommandObjectTestCase SleepCommandTestCase ThreadCommandTestCase UndoRedoTestCase WaitingAvatarsAnimationTestCase , ,DefineCallCommandObjectTestCase RotateLeftArmCommandObjectTestCase RotateRightArmCommandObjectTestCase SwingTextFieldFactoryTestCase ThreadCommandObjectTestCase , ,
41,Tue Nov 27 14:55:46 EST 2018,80,0,ExceptionSuite,BroadcastingClearanceManagerFactoryMethodTest DefineCallCommandTestCase EnvironmentFactoryMethodTest LockstepAvatarsAnimationTestCase ParserCreatesDefineCallCommandObjectTestCase ParserCreatesProceedAllCommandObjectTestCase ParserCreatesRotateLeftArmCommandObjectTestCase ParserCreatesRotateRightArmCommandObjectTestCase ParserCreatesSleepCommandObjectTestCase ParserCreatesThreadCommandObjectTestCase ParsingExceptionTestCase ProceedAllCommandObjectTestCase ProceedAllCommandTestCase RotateLeftArmCommandTestCase RotateRightArmCommandTestCase ScanningExceptionTestCase SleepCommandObjectTestCase SleepCommandTestCase ThreadCommandTestCase UndoRedoTestCase WaitingAvatarsAnimationTestCase , ,DefineCallCommandObjectTestCase RotateLeftArmCommandObjectTestCase RotateRightArmCommandObjectTestCase SwingTextFieldFactoryTestCase ThreadCommandObjectTestCase , ,
42,Tue Nov 27 14:58:09 EST 2018,80,0,ExceptionSuite,BroadcastingClearanceManagerFactoryMethodTest DefineCallCommandTestCase EnvironmentFactoryMethodTest LockstepAvatarsAnimationTestCase ParserCreatesDefineCallCommandObjectTestCase ParserCreatesProceedAllCommandObjectTestCase ParserCreatesRotateLeftArmCommandObjectTestCase ParserCreatesRotateRightArmCommandObjectTestCase ParserCreatesSleepCommandObjectTestCase ParserCreatesThreadCommandObjectTestCase ParsingExceptionTestCase ProceedAllCommandObjectTestCase ProceedAllCommandTestCase RotateLeftArmCommandTestCase RotateRightArmCommandTestCase ScanningExceptionTestCase SleepCommandObjectTestCase SleepCommandTestCase ThreadCommandTestCase UndoRedoTestCase WaitingAvatarsAnimationTestCase , ,DefineCallCommandObjectTestCase RotateLeftArmCommandObjectTestCase RotateRightArmCommandObjectTestCase SwingTextFieldFactoryTestCase ThreadCommandObjectTestCase , ,
43,Tue Nov 27 15:00:35 EST 2018,80,0,ExceptionSuite,BroadcastingClearanceManagerFactoryMethodTest DefineCallCommandTestCase EnvironmentFactoryMethodTest LockstepAvatarsAnimationTestCase ParserCreatesDefineCallCommandObjectTestCase ParserCreatesProceedAllCommandObjectTestCase ParserCreatesRotateLeftArmCommandObjectTestCase ParserCreatesRotateRightArmCommandObjectTestCase ParserCreatesSleepCommandObjectTestCase ParserCreatesThreadCommandObjectTestCase ParsingExceptionTestCase ProceedAllCommandObjectTestCase ProceedAllCommandTestCase RotateLeftArmCommandTestCase RotateRightArmCommandTestCase ScanningExceptionTestCase SleepCommandObjectTestCase SleepCommandTestCase ThreadCommandTestCase UndoRedoTestCase WaitingAvatarsAnimationTestCase , ,DefineCallCommandObjectTestCase RotateLeftArmCommandObjectTestCase RotateRightArmCommandObjectTestCase SwingTextFieldFactoryTestCase ThreadCommandObjectTestCase , ,
44,Tue Nov 27 15:03:41 EST 2018,80,0,ExceptionSuite,BroadcastingClearanceManagerFactoryMethodTest DefineCallCommandTestCase EnvironmentFactoryMethodTest LockstepAvatarsAnimationTestCase ParserCreatesDefineCallCommandObjectTestCase ParserCreatesProceedAllCommandObjectTestCase ParserCreatesRotateLeftArmCommandObjectTestCase ParserCreatesRotateRightArmCommandObjectTestCase ParserCreatesSleepCommandObjectTestCase ParserCreatesThreadCommandObjectTestCase ParsingExceptionTestCase ProceedAllCommandObjectTestCase ProceedAllCommandTestCase RotateLeftArmCommandTestCase RotateRightArmCommandTestCase ScanningExceptionTestCase SleepCommandObjectTestCase SleepCommandTestCase ThreadCommandTestCase UndoRedoTestCase WaitingAvatarsAnimationTestCase , ,DefineCallCommandObjectTestCase RotateLeftArmCommandObjectTestCase RotateRightArmCommandObjectTestCase SwingTextFieldFactoryTestCase ThreadCommandObjectTestCase , ,
45,Tue Nov 27 15:05:16 EST 2018,80,0,ExceptionSuite,BroadcastingClearanceManagerFactoryMethodTest DefineCallCommandTestCase EnvironmentFactoryMethodTest LockstepAvatarsAnimationTestCase ParserCreatesDefineCallCommandObjectTestCase ParserCreatesProceedAllCommandObjectTestCase ParserCreatesRotateLeftArmCommandObjectTestCase ParserCreatesRotateRightArmCommandObjectTestCase ParserCreatesSleepCommandObjectTestCase ParserCreatesThreadCommandObjectTestCase ParsingExceptionTestCase ProceedAllCommandObjectTestCase ProceedAllCommandTestCase RotateLeftArmCommandTestCase RotateRightArmCommandTestCase ScanningExceptionTestCase SleepCommandObjectTestCase SleepCommandTestCase ThreadCommandTestCase UndoRedoTestCase WaitingAvatarsAnimationTestCase , ,DefineCallCommandObjectTestCase RotateLeftArmCommandObjectTestCase RotateRightArmCommandObjectTestCase SwingTextFieldFactoryTestCase ThreadCommandObjectTestCase , ,
46,Tue Nov 27 15:12:25 EST 2018,92,12,Assignment12Suite,BroadcastingClearanceManagerFactoryMethodTest DefineCallCommandObjectTestCase+ DefineCallCommandTestCase EnvironmentFactoryMethodTest LockstepAvatarsAnimationTestCase ParserCreatesDefineCallCommandObjectTestCase ParserCreatesProceedAllCommandObjectTestCase ParserCreatesRotateLeftArmCommandObjectTestCase ParserCreatesRotateRightArmCommandObjectTestCase ParserCreatesSleepCommandObjectTestCase ParserCreatesThreadCommandObjectTestCase ParsingExceptionTestCase ProceedAllCommandObjectTestCase ProceedAllCommandTestCase RotateLeftArmCommandObjectTestCase+ RotateLeftArmCommandTestCase RotateRightArmCommandObjectTestCase+ RotateRightArmCommandTestCase ScanningExceptionTestCase SleepCommandObjectTestCase SleepCommandTestCase ThreadCommandObjectTestCase+ ThreadCommandTestCase UndoRedoTestCase , ,SwingTextFieldFactoryTestCase WaitingAvatarsAnimationTestCase- , ,
47,Tue Nov 27 15:18:17 EST 2018,96,4,WaitingAvatarsAnimationTestCase,BroadcastingClearanceManagerFactoryMethodTest DefineCallCommandObjectTestCase DefineCallCommandTestCase EnvironmentFactoryMethodTest LockstepAvatarsAnimationTestCase ParserCreatesDefineCallCommandObjectTestCase ParserCreatesProceedAllCommandObjectTestCase ParserCreatesRotateLeftArmCommandObjectTestCase ParserCreatesRotateRightArmCommandObjectTestCase ParserCreatesSleepCommandObjectTestCase ParserCreatesThreadCommandObjectTestCase ParsingExceptionTestCase ProceedAllCommandObjectTestCase ProceedAllCommandTestCase RotateLeftArmCommandObjectTestCase RotateLeftArmCommandTestCase RotateRightArmCommandObjectTestCase RotateRightArmCommandTestCase ScanningExceptionTestCase SleepCommandObjectTestCase SleepCommandTestCase ThreadCommandObjectTestCase ThreadCommandTestCase UndoRedoTestCase WaitingAvatarsAnimationTestCase+ , ,SwingTextFieldFactoryTestCase , ,
48,Tue Nov 27 15:18:25 EST 2018,96,0,ExceptionSuite,BroadcastingClearanceManagerFactoryMethodTest DefineCallCommandObjectTestCase DefineCallCommandTestCase EnvironmentFactoryMethodTest LockstepAvatarsAnimationTestCase ParserCreatesDefineCallCommandObjectTestCase ParserCreatesProceedAllCommandObjectTestCase ParserCreatesRotateLeftArmCommandObjectTestCase ParserCreatesRotateRightArmCommandObjectTestCase ParserCreatesSleepCommandObjectTestCase ParserCreatesThreadCommandObjectTestCase ParsingExceptionTestCase ProceedAllCommandObjectTestCase ProceedAllCommandTestCase RotateLeftArmCommandObjectTestCase RotateLeftArmCommandTestCase RotateRightArmCommandObjectTestCase RotateRightArmCommandTestCase ScanningExceptionTestCase SleepCommandObjectTestCase SleepCommandTestCase ThreadCommandObjectTestCase ThreadCommandTestCase UndoRedoTestCase WaitingAvatarsAnimationTestCase , ,SwingTextFieldFactoryTestCase , ,
49,Tue Nov 27 15:18:59 EST 2018,92,-4,LockstepAvatarsAnimationTestCase,BroadcastingClearanceManagerFactoryMethodTest DefineCallCommandObjectTestCase DefineCallCommandTestCase EnvironmentFactoryMethodTest ParserCreatesDefineCallCommandObjectTestCase ParserCreatesProceedAllCommandObjectTestCase ParserCreatesRotateLeftArmCommandObjectTestCase ParserCreatesRotateRightArmCommandObjectTestCase ParserCreatesSleepCommandObjectTestCase ParserCreatesThreadCommandObjectTestCase ParsingExceptionTestCase ProceedAllCommandObjectTestCase ProceedAllCommandTestCase RotateLeftArmCommandObjectTestCase RotateLeftArmCommandTestCase RotateRightArmCommandObjectTestCase RotateRightArmCommandTestCase ScanningExceptionTestCase SleepCommandObjectTestCase SleepCommandTestCase ThreadCommandObjectTestCase ThreadCommandTestCase UndoRedoTestCase WaitingAvatarsAnimationTestCase , ,LockstepAvatarsAnimationTestCase- SwingTextFieldFactoryTestCase , ,
50,Tue Nov 27 15:21:02 EST 2018,92,0,LockstepAvatarsAnimationTestCase,BroadcastingClearanceManagerFactoryMethodTest DefineCallCommandObjectTestCase DefineCallCommandTestCase EnvironmentFactoryMethodTest ParserCreatesDefineCallCommandObjectTestCase ParserCreatesProceedAllCommandObjectTestCase ParserCreatesRotateLeftArmCommandObjectTestCase ParserCreatesRotateRightArmCommandObjectTestCase ParserCreatesSleepCommandObjectTestCase ParserCreatesThreadCommandObjectTestCase ParsingExceptionTestCase ProceedAllCommandObjectTestCase ProceedAllCommandTestCase RotateLeftArmCommandObjectTestCase RotateLeftArmCommandTestCase RotateRightArmCommandObjectTestCase RotateRightArmCommandTestCase ScanningExceptionTestCase SleepCommandObjectTestCase SleepCommandTestCase ThreadCommandObjectTestCase ThreadCommandTestCase UndoRedoTestCase WaitingAvatarsAnimationTestCase , ,LockstepAvatarsAnimationTestCase SwingTextFieldFactoryTestCase , ,
51,Tue Nov 27 15:25:26 EST 2018,96,4,LockstepAvatarsAnimationTestCase,BroadcastingClearanceManagerFactoryMethodTest DefineCallCommandObjectTestCase DefineCallCommandTestCase EnvironmentFactoryMethodTest LockstepAvatarsAnimationTestCase+ ParserCreatesDefineCallCommandObjectTestCase ParserCreatesProceedAllCommandObjectTestCase ParserCreatesRotateLeftArmCommandObjectTestCase ParserCreatesRotateRightArmCommandObjectTestCase ParserCreatesSleepCommandObjectTestCase ParserCreatesThreadCommandObjectTestCase ParsingExceptionTestCase ProceedAllCommandObjectTestCase ProceedAllCommandTestCase RotateLeftArmCommandObjectTestCase RotateLeftArmCommandTestCase RotateRightArmCommandObjectTestCase RotateRightArmCommandTestCase ScanningExceptionTestCase SleepCommandObjectTestCase SleepCommandTestCase ThreadCommandObjectTestCase ThreadCommandTestCase UndoRedoTestCase WaitingAvatarsAnimationTestCase , ,SwingTextFieldFactoryTestCase , ,
52,Fri Nov 30 22:07:29 EST 2018,92,-4,Assignment12Suite,BroadcastingClearanceManagerFactoryMethodTest DefineCallCommandObjectTestCase DefineCallCommandTestCase EnvironmentFactoryMethodTest LockstepAvatarsAnimationTestCase ParserCreatesDefineCallCommandObjectTestCase ParserCreatesProceedAllCommandObjectTestCase ParserCreatesRotateLeftArmCommandObjectTestCase ParserCreatesRotateRightArmCommandObjectTestCase ParserCreatesSleepCommandObjectTestCase ParserCreatesThreadCommandObjectTestCase ParsingExceptionTestCase ProceedAllCommandObjectTestCase ProceedAllCommandTestCase RotateLeftArmCommandObjectTestCase RotateLeftArmCommandTestCase RotateRightArmCommandObjectTestCase RotateRightArmCommandTestCase ScanningExceptionTestCase SleepCommandObjectTestCase SleepCommandTestCase ThreadCommandObjectTestCase ThreadCommandTestCase UndoRedoTestCase , ,SwingTextFieldFactoryTestCase WaitingAvatarsAnimationTestCase- , ,
53,Fri Nov 30 22:08:25 EST 2018,96,4,WaitingAvatarsAnimationTestCase,BroadcastingClearanceManagerFactoryMethodTest DefineCallCommandObjectTestCase DefineCallCommandTestCase EnvironmentFactoryMethodTest LockstepAvatarsAnimationTestCase ParserCreatesDefineCallCommandObjectTestCase ParserCreatesProceedAllCommandObjectTestCase ParserCreatesRotateLeftArmCommandObjectTestCase ParserCreatesRotateRightArmCommandObjectTestCase ParserCreatesSleepCommandObjectTestCase ParserCreatesThreadCommandObjectTestCase ParsingExceptionTestCase ProceedAllCommandObjectTestCase ProceedAllCommandTestCase RotateLeftArmCommandObjectTestCase RotateLeftArmCommandTestCase RotateRightArmCommandObjectTestCase RotateRightArmCommandTestCase ScanningExceptionTestCase SleepCommandObjectTestCase SleepCommandTestCase ThreadCommandObjectTestCase ThreadCommandTestCase UndoRedoTestCase WaitingAvatarsAnimationTestCase+ , ,SwingTextFieldFactoryTestCase , ,
54,Fri Nov 30 22:08:30 EST 2018,96,0,UndoRedoTestCase,BroadcastingClearanceManagerFactoryMethodTest DefineCallCommandObjectTestCase DefineCallCommandTestCase EnvironmentFactoryMethodTest LockstepAvatarsAnimationTestCase ParserCreatesDefineCallCommandObjectTestCase ParserCreatesProceedAllCommandObjectTestCase ParserCreatesRotateLeftArmCommandObjectTestCase ParserCreatesRotateRightArmCommandObjectTestCase ParserCreatesSleepCommandObjectTestCase ParserCreatesThreadCommandObjectTestCase ParsingExceptionTestCase ProceedAllCommandObjectTestCase ProceedAllCommandTestCase RotateLeftArmCommandObjectTestCase RotateLeftArmCommandTestCase RotateRightArmCommandObjectTestCase RotateRightArmCommandTestCase ScanningExceptionTestCase SleepCommandObjectTestCase SleepCommandTestCase ThreadCommandObjectTestCase ThreadCommandTestCase UndoRedoTestCase WaitingAvatarsAnimationTestCase , ,SwingTextFieldFactoryTestCase , ,
55,Fri Nov 30 22:08:33 EST 2018,96,0,ExceptionSuite,BroadcastingClearanceManagerFactoryMethodTest DefineCallCommandObjectTestCase DefineCallCommandTestCase EnvironmentFactoryMethodTest LockstepAvatarsAnimationTestCase ParserCreatesDefineCallCommandObjectTestCase ParserCreatesProceedAllCommandObjectTestCase ParserCreatesRotateLeftArmCommandObjectTestCase ParserCreatesRotateRightArmCommandObjectTestCase ParserCreatesSleepCommandObjectTestCase ParserCreatesThreadCommandObjectTestCase ParsingExceptionTestCase ProceedAllCommandObjectTestCase ProceedAllCommandTestCase RotateLeftArmCommandObjectTestCase RotateLeftArmCommandTestCase RotateRightArmCommandObjectTestCase RotateRightArmCommandTestCase ScanningExceptionTestCase SleepCommandObjectTestCase SleepCommandTestCase ThreadCommandObjectTestCase ThreadCommandTestCase UndoRedoTestCase WaitingAvatarsAnimationTestCase , ,SwingTextFieldFactoryTestCase , ,
56,Fri Nov 30 22:08:43 EST 2018,96,0,LockstepAvatarsAnimationTestCase,BroadcastingClearanceManagerFactoryMethodTest DefineCallCommandObjectTestCase DefineCallCommandTestCase EnvironmentFactoryMethodTest LockstepAvatarsAnimationTestCase ParserCreatesDefineCallCommandObjectTestCase ParserCreatesProceedAllCommandObjectTestCase ParserCreatesRotateLeftArmCommandObjectTestCase ParserCreatesRotateRightArmCommandObjectTestCase ParserCreatesSleepCommandObjectTestCase ParserCreatesThreadCommandObjectTestCase ParsingExceptionTestCase ProceedAllCommandObjectTestCase ProceedAllCommandTestCase RotateLeftArmCommandObjectTestCase RotateLeftArmCommandTestCase RotateRightArmCommandObjectTestCase RotateRightArmCommandTestCase ScanningExceptionTestCase SleepCommandObjectTestCase SleepCommandTestCase ThreadCommandObjectTestCase ThreadCommandTestCase UndoRedoTestCase WaitingAvatarsAnimationTestCase , ,SwingTextFieldFactoryTestCase , ,
57,Fri Nov 30 22:08:54 EST 2018,96,0,CommandObjectSuiteA12,BroadcastingClearanceManagerFactoryMethodTest DefineCallCommandObjectTestCase DefineCallCommandTestCase EnvironmentFactoryMethodTest LockstepAvatarsAnimationTestCase ParserCreatesDefineCallCommandObjectTestCase ParserCreatesProceedAllCommandObjectTestCase ParserCreatesRotateLeftArmCommandObjectTestCase ParserCreatesRotateRightArmCommandObjectTestCase ParserCreatesSleepCommandObjectTestCase ParserCreatesThreadCommandObjectTestCase ParsingExceptionTestCase ProceedAllCommandObjectTestCase ProceedAllCommandTestCase RotateLeftArmCommandObjectTestCase RotateLeftArmCommandTestCase RotateRightArmCommandObjectTestCase RotateRightArmCommandTestCase ScanningExceptionTestCase SleepCommandObjectTestCase SleepCommandTestCase ThreadCommandObjectTestCase ThreadCommandTestCase UndoRedoTestCase WaitingAvatarsAnimationTestCase , ,SwingTextFieldFactoryTestCase , ,
58,Fri Nov 30 22:09:12 EST 2018,96,0,CommandInterpreterSuiteA12,BroadcastingClearanceManagerFactoryMethodTest DefineCallCommandObjectTestCase DefineCallCommandTestCase EnvironmentFactoryMethodTest LockstepAvatarsAnimationTestCase ParserCreatesDefineCallCommandObjectTestCase ParserCreatesProceedAllCommandObjectTestCase ParserCreatesRotateLeftArmCommandObjectTestCase ParserCreatesRotateRightArmCommandObjectTestCase ParserCreatesSleepCommandObjectTestCase ParserCreatesThreadCommandObjectTestCase ParsingExceptionTestCase ProceedAllCommandObjectTestCase ProceedAllCommandTestCase RotateLeftArmCommandObjectTestCase RotateLeftArmCommandTestCase RotateRightArmCommandObjectTestCase RotateRightArmCommandTestCase ScanningExceptionTestCase SleepCommandObjectTestCase SleepCommandTestCase ThreadCommandObjectTestCase ThreadCommandTestCase UndoRedoTestCase WaitingAvatarsAnimationTestCase , ,SwingTextFieldFactoryTestCase , ,
59,Fri Nov 30 22:09:21 EST 2018,96,0,BroadcastingClearanceManagerFactoryMethodTest,BroadcastingClearanceManagerFactoryMethodTest DefineCallCommandObjectTestCase DefineCallCommandTestCase EnvironmentFactoryMethodTest LockstepAvatarsAnimationTestCase ParserCreatesDefineCallCommandObjectTestCase ParserCreatesProceedAllCommandObjectTestCase ParserCreatesRotateLeftArmCommandObjectTestCase ParserCreatesRotateRightArmCommandObjectTestCase ParserCreatesSleepCommandObjectTestCase ParserCreatesThreadCommandObjectTestCase ParsingExceptionTestCase ProceedAllCommandObjectTestCase ProceedAllCommandTestCase RotateLeftArmCommandObjectTestCase RotateLeftArmCommandTestCase RotateRightArmCommandObjectTestCase RotateRightArmCommandTestCase ScanningExceptionTestCase SleepCommandObjectTestCase SleepCommandTestCase ThreadCommandObjectTestCase ThreadCommandTestCase UndoRedoTestCase WaitingAvatarsAnimationTestCase , ,SwingTextFieldFactoryTestCase , ,
60,Fri Nov 30 22:09:28 EST 2018,96,0,ParserSuiteA12,BroadcastingClearanceManagerFactoryMethodTest DefineCallCommandObjectTestCase DefineCallCommandTestCase EnvironmentFactoryMethodTest LockstepAvatarsAnimationTestCase ParserCreatesDefineCallCommandObjectTestCase ParserCreatesProceedAllCommandObjectTestCase ParserCreatesRotateLeftArmCommandObjectTestCase ParserCreatesRotateRightArmCommandObjectTestCase ParserCreatesSleepCommandObjectTestCase ParserCreatesThreadCommandObjectTestCase ParsingExceptionTestCase ProceedAllCommandObjectTestCase ProceedAllCommandTestCase RotateLeftArmCommandObjectTestCase RotateLeftArmCommandTestCase RotateRightArmCommandObjectTestCase RotateRightArmCommandTestCase ScanningExceptionTestCase SleepCommandObjectTestCase SleepCommandTestCase ThreadCommandObjectTestCase ThreadCommandTestCase UndoRedoTestCase WaitingAvatarsAnimationTestCase , ,SwingTextFieldFactoryTestCase , ,
61,Fri Nov 30 22:09:39 EST 2018,96,0,SwingTextFieldFactoryTestCase,BroadcastingClearanceManagerFactoryMethodTest DefineCallCommandObjectTestCase DefineCallCommandTestCase EnvironmentFactoryMethodTest LockstepAvatarsAnimationTestCase ParserCreatesDefineCallCommandObjectTestCase ParserCreatesProceedAllCommandObjectTestCase ParserCreatesRotateLeftArmCommandObjectTestCase ParserCreatesRotateRightArmCommandObjectTestCase ParserCreatesSleepCommandObjectTestCase ParserCreatesThreadCommandObjectTestCase ParsingExceptionTestCase ProceedAllCommandObjectTestCase ProceedAllCommandTestCase RotateLeftArmCommandObjectTestCase RotateLeftArmCommandTestCase RotateRightArmCommandObjectTestCase RotateRightArmCommandTestCase ScanningExceptionTestCase SleepCommandObjectTestCase SleepCommandTestCase ThreadCommandObjectTestCase ThreadCommandTestCase UndoRedoTestCase WaitingAvatarsAnimationTestCase , ,SwingTextFieldFactoryTestCase , ,
